score;sim_to_best_vertices;sim_to_best_edges;avg_sim_others_vertices;avg_sim_others_edges
6645.000000;145;109;137.789790;91.451451
4893.000000;91;69;86.270270;58.575576
5882.000000;140;95;134.802803;86.401401
5172.000000;140;92;137.566567;90.104104
5607.000000;141;101;135.699700;88.697698
6420.000000;147;105;140.779780;94.131131
4293.000000;81;53;77.249249;47.989990
5442.000000;142;104;133.653654;85.904905
5361.000000;137;95;130.897898;85.164164
4679.000000;128;88;123.677678;77.315315
5314.000000;146;96;140.785786;88.905906
6147.000000;137;92;132.206206;86.808809
5391.000000;143;96;138.308308;90.732733
5046.000000;147;101;138.697698;89.962963
3529.000000;71;53;67.051051;43.870871
4580.000000;140;88;137.216216;85.477477
6901.000000;143;103;133.841842;86.226226
4740.000000;122;84;117.915916;73.298298
5908.000000;146;105;139.887888;92.941942
6550.000000;149;120;138.623624;92.485485
4256.000000;66;48;64.691692;41.689690
5956.000000;141;103;138.296296;91.923924
5854.000000;148;105;140.727728;91.986987
5844.000000;145;100;136.535536;88.316316
6011.000000;144;101;137.129129;90.287287
5906.000000;141;103;135.917918;87.691692
5629.000000;145;104;140.459459;93.828829
6013.000000;117;87;115.015015;77.618619
5940.000000;139;105;132.967968;87.810811
4553.000000;119;86;116.035035;75.732733
5614.000000;151;103;141.803804;92.148148
5866.000000;137;91;133.608609;87.996997
5402.000000;147;103;138.845846;88.262262
6491.000000;146;105;141.806807;96.641642
6027.000000;144;101;136.082082;89.127127
5793.000000;143;102;137.623624;92.033033
4756.000000;139;87;136.455455;85.775776
5265.000000;141;99;134.047047;86.646647
5190.000000;101;70;100.235235;65.696697
5414.000000;146;95;140.752753;91.692693
6032.000000;118;78;116.062062;76.906907
5792.000000;132;85;126.851852;81.738739
5536.000000;143;94;139.404404;91.640641
6317.000000;133;89;129.960961;84.560561
4372.000000;119;87;112.916917;68.021021
5093.000000;143;98;136.316316;83.576577
5219.000000;116;79;111.158158;69.086086
5729.000000;143;102;137.045045;90.384384
5990.000000;147;112;138.927928;94.062062
4931.000000;147;109;139.131131;87.630631
4469.000000;138;90;133.746747;85.872873
5047.000000;142;92;137.088088;86.456456
3436.000000;58;43;55.890891;37.433433
6815.000000;149;104;141.763764;96.441441
5844.000000;142;93;138.885886;92.049049
6486.000000;113;80;108.435435;72.413413
5545.000000;141;91;135.591592;88.478478
5705.000000;144;99;141.486486;94.184184
5050.000000;142;100;135.347347;86.933934
5236.000000;129;89;127.347347;82.358358
6088.000000;122;82;119.559560;78.102102
5961.000000;146;103;141.380380;95.798799
6768.000000;137;103;129.107107;87.689690
5607.000000;146;100;141.083083;92.631632
5757.000000;147;96;139.920921;88.915916
6563.000000;141;99;133.922923;90.046046
6414.000000;150;113;140.998999;92.349349
6227.000000;99;72;97.441441;65.474474
5415.000000;123;83;121.082082;78.468468
6341.000000;146;112;136.637638;92.468468
2979.000000;43;28;42.171171;26.617618
6011.000000;146;104;138.836837;93.524525
6204.000000;140;94;133.069069;86.606607
5872.000000;143;100;135.568569;86.320320
6263.000000;143;99;138.070070;90.038038
4816.000000;145;92;139.251251;87.093093
5205.000000;144;91;138.756757;89.201201
6355.000000;114;76;112.310310;73.910911
5288.000000;150;111;138.867868;88.704705
5906.000000;136;96;132.414414;87.297297
6128.000000;143;106;135.842843;90.617618
6324.000000;146;101;139.573574;93.900901
5010.000000;146;99;141.086086;87.702703
4857.000000;147;96;141.674675;89.294294
4969.000000;144;102;140.189189;90.555556
5370.000000;144;94;138.933934;91.087087
5732.000000;100;66;97.070070;60.743744
5448.000000;143;94;136.715716;86.541542
5388.000000;149;101;143.014014;95.132132
6170.000000;139;91;132.960961;85.125125
4779.000000;141;91;135.775776;84.915916
5314.000000;136;90;133.328328;84.073073
2362.000000;32;23;30.605606;20.699700
5331.000000;142;106;137.631632;91.570571
5680.000000;145;109;136.617618;88.222222
5683.000000;144;105;136.817818;89.049049
5757.000000;133;91;130.095095;84.742743
5705.000000;139;104;132.341341;85.864865
6993.000000;135;98;130.316316;86.712713
5251.000000;138;89;134.202202;84.444444
3577.000000;94;70;91.720721;57.585586
6030.000000;144;99;136.447447;90.044044
5899.000000;147;105;135.510511;89.318318
5437.000000;146;105;136.517518;86.710711
5141.000000;138;89;134.779780;84.585586
4437.000000;141;95;137.419419;86.522523
7007.000000;136;105;128.151151;87.503504
5464.000000;130;93;129.006006;84.406406
6485.000000;136;99;132.287287;90.524525
6151.000000;131;92;128.694695;83.903904
5958.000000;148;105;141.780781;96.334334
7162.000000;130;97;124.561562;86.444444
6712.000000;144;108;134.382382;90.981982
6594.000000;135;97;131.802803;87.938939
4922.000000;147;96;139.775776;91.703704
5971.000000;142;95;136.161161;88.890891
5542.000000;147;100;139.704705;91.994995
3333.000000;59;39;60.249249;36.435435
6511.000000;147;105;140.007007;90.696697
5426.000000;144;92;138.794795;90.123123
5818.000000;147;107;139.720721;90.794795
4357.000000;148;103;143.788789;93.474474
5006.000000;139;96;135.559560;88.729730
5748.000000;145;92;137.563564;86.275275
5411.000000;144;101;134.257257;86.123123
4996.000000;139;94;132.327327;83.473473
6121.000000;141;96;134.830831;86.469469
6807.000000;144;98;135.468468;89.971972
5548.000000;128;96;123.288288;82.968969
6484.000000;137;89;132.738739;86.498498
5387.000000;146;99;141.656657;91.475475
6538.000000;136;96;134.154154;89.267267
4326.000000;140;94;136.107107;88.254254
4001.000000;135;93;131.572573;84.395395
6249.000000;147;102;137.410410;87.110110
5387.000000;128;81;125.302302;80.234234
6683.000000;126;92;117.610611;79.178178
5680.000000;140;103;132.250250;85.305305
6440.000000;138;101;131.715716;87.546547
6023.000000;140;100;132.522523;84.869870
5340.000000;118;81;114.515516;74.055055
5517.000000;104;79;98.420420;64.777778
5623.000000;136;97;129.678679;83.437437
5286.000000;143;96;136.781782;89.009009
6212.000000;145;102;137.500501;89.378378
6364.000000;127;93;121.391391;78.965966
5407.000000;147;101;140.051051;91.149149
5983.000000;120;87;119.002002;78.557558
5165.000000;139;99;131.779780;83.332332
5040.000000;102;66;101.715716;63.040040
4731.000000;146;97;139.468468;87.495495
6543.000000;148;109;138.533534;93.080080
5871.000000;143;97;138.637638;91.209209
5071.000000;146;100;141.336336;92.916917
5451.000000;142;95;138.007007;88.730731
4440.000000;107;86;100.964965;68.298298
5480.000000;145;96;137.108108;89.128128
5054.000000;145;97;138.603604;88.491491
5816.000000;128;88;125.069069;81.626627
5605.000000;143;101;137.161161;90.855856
5104.000000;146;97;140.895896;88.864865
5759.000000;142;93;135.814815;88.831832
5786.000000;142;100;138.581582;91.155155
5108.000000;142;90;136.461461;89.497497
6062.000000;147;101;138.187187;88.922923
5659.000000;146;99;141.182182;94.821822
5899.000000;144;104;138.464464;95.275275
6124.000000;144;96;140.092092;93.284284
6396.000000;143;103;135.669670;90.599600
6947.000000;129;95;125.506507;83.688689
6766.000000;143;106;136.802803;93.623624
5220.000000;136;92;135.342342;87.194194
5140.000000;146;106;140.560561;91.987988
7105.000000;140;105;132.882883;89.900901
5975.000000;149;108;141.900901;95.870871
6075.000000;109;82;101.325325;69.088088
5232.000000;146;103;138.195195;88.689690
3821.000000;139;88;134.016016;83.486486
5429.000000;146;95;138.958959;90.109109
5008.000000;89;59;87.910911;54.780781
6014.000000;142;99;137.444444;91.572573
5602.000000;128;84;125.503504;79.299299
4756.000000;134;86;130.443443;84.173173
5146.000000;146;100;141.794795;91.594595
5759.000000;143;104;136.060060;89.806807
5625.000000;146;102;140.101101;91.011011
5025.000000;108;79;104.707708;69.299299
4694.000000;134;80;132.868869;83.126126
5511.000000;148;100;143.237237;93.853854
5636.000000;142;104;136.035035;88.191191
1829.000000;25;18;25.805806;17.146146
6301.000000;144;99;137.930931;91.673674
5541.000000;140;94;134.742743;83.328328
5930.000000;141;99;138.146146;92.742743
6136.000000;147;105;140.292292;92.220220
6150.000000;145;98;139.109109;91.330330
5804.000000;139;101;134.883884;85.266266
5539.000000;144;98;138.391391;91.079079
4867.000000;142;101;136.782783;90.964965
5610.000000;146;104;142.693694;97.164164
4843.000000;142;99;136.794795;88.906907
4391.000000;91;66;89.625626;56.896897
6055.000000;140;103;136.670671;92.576577
5559.000000;134;89;130.881882;83.729730
5082.000000;140;94;134.204204;84.651652
6588.000000;142;101;134.302302;88.144144
5142.000000;143;86;136.714715;84.876877
5409.000000;115;73;110.262262;66.702703
6059.000000;142;101;135.842843;91.578579
5682.000000;146;94;138.983984;88.555556
6222.000000;141;101;134.604605;86.675676
5477.000000;148;107;139.853854;93.024024
6103.000000;122;91;119.826827;79.408408
6147.000000;141;93;133.583584;85.266266
6405.000000;146;103;137.738739;92.329329
5382.000000;140;99;131.797798;84.930931
4573.000000;145;97;141.505506;89.574575
5977.000000;148;111;138.020020;90.649650
6725.000000;149;119;139.267267;93.841842
5217.000000;149;102;139.624625;89.249249
5780.000000;123;89;115.685686;73.528529
6102.000000;130;91;125.090090;78.923924
5585.000000;146;93;142.193193;93.455455
6450.000000;132;89;131.601602;87.870871
6263.000000;131;98;127.730731;84.090090
6825.000000;150;116;139.042042;93.569570
6602.000000;133;93;127.412412;85.399399
5106.000000;143;99;140.358358;91.423423
5767.000000;143;105;134.489489;88.675676
5804.000000;146;102;138.395395;89.884885
4754.000000;142;89;136.195195;85.467467
4443.000000;128;87;123.872873;78.633634
5523.000000;131;89;127.983984;80.065065
4118.000000;147;103;138.118118;86.234234
5661.000000;136;95;133.227227;85.912913
5846.000000;146;101;138.401401;93.203203
5341.000000;142;102;137.276276;89.080080
4283.000000;141;90;138.538539;87.203203
5056.000000;141;90;134.529530;84.133133
5259.000000;134;101;130.301301;83.811812
5550.000000;149;108;140.901902;92.227227
5685.000000;140;91;134.953954;84.668669
5160.000000;127;92;124.171171;79.873874
907.000000;23;10;23.822823;12.869870
3623.000000;66;48;67.314314;41.616617
5841.000000;145;105;138.985986;92.257257
5203.000000;148;104;141.473473;93.720721
5759.000000;141;100;133.755756;85.920921
5946.000000;136;98;131.083083;87.451451
5187.000000;116;83;109.854855;67.173173
4933.000000;135;90;131.449449;82.620621
4916.000000;137;84;134.827828;85.717718
4945.000000;135;87;130.767768;80.836837
6093.000000;140;105;132.514515;87.204204
6407.000000;139;101;132.469469;87.912913
5296.000000;133;96;127.576577;85.775776
5685.000000;141;99;137.492492;92.120120
6417.000000;147;102;140.985986;93.010010
4884.000000;121;89;119.723724;76.250250
4460.000000;149;106;141.126126;92.865866
6354.000000;144;100;137.186186;89.885886
5823.000000;133;90;128.512513;83.204204
6070.000000;126;78;123.286286;79.982983
5447.000000;147;105;141.115115;95.005005
5273.000000;141;111;136.027027;90.963964
6368.000000;135;101;129.506507;87.931932
6639.000000;136;103;129.191191;87.301301
5556.000000;140;102;135.339339;90.063063
5729.000000;136;92;132.732733;87.786787
4747.000000;145;97;140.431431;91.925926
6382.000000;123;87;119.214214;75.958959
5843.000000;145;104;134.102102;86.910911
4968.000000;133;98;127.277277;81.005005
5613.000000;143;97;138.151151;88.129129
5640.000000;101;70;98.293293;64.899900
6214.000000;136;93;130.326326;85.296296
6098.000000;141;92;136.410410;88.402402
6048.000000;146;101;140.727728;92.331331
5090.000000;144;100;138.045045;86.683684
5404.000000;136;97;129.879880;84.264264
5002.000000;128;85;125.135135;82.814815
5187.000000;149;104;142.386386;93.339339
4365.000000;151;106;142.555556;90.273273
6915.000000;141;103;133.876877;90.465465
5125.000000;141;96;137.256256;87.894895
5667.000000;142;103;135.926927;88.857858
5340.000000;143;99;137.349349;88.630631
6212.000000;147;103;141.513514;93.494494
5722.000000;150;112;140.752753;94.446446
5996.000000;139;103;131.232232;85.981982
5468.000000;101;66;101.260260;66.544545
6372.000000;149;115;139.005005;92.185185
6051.000000;127;83;127.599600;84.197197
6028.000000;141;101;135.959960;89.591592
5871.000000;148;108;138.202202;88.835836
6687.000000;145;106;135.516517;91.053053
6359.000000;137;102;128.483483;82.211211
4571.000000;129;88;125.049049;78.374374
4867.000000;144;95;142.043043;92.510511
7190.000000;132;100;125.983984;83.194194
5845.000000;139;96;135.852853;89.231231
4661.000000;140;90;134.494494;83.845846
7196.000000;143;106;135.935936;90.786787
4934.000000;147;104;138.525526;87.450450
6099.000000;148;109;138.921922;91.454454
5423.000000;144;95;137.461461;88.233233
6063.000000;137;91;133.491491;84.643644
4830.000000;137;87;133.723724;84.200200
5744.000000;139;96;133.030030;86.071071
5902.000000;142;103;136.223223;90.314314
6596.000000;128;95;121.052052;79.246246
6305.000000;145;105;135.739740;86.313313
6230.000000;113;82;108.231231;70.137137
7228.000000;138;100;133.531532;89.716717
5532.000000;141;93;138.267267;87.953954
6926.000000;144;110;136.615616;94.783784
5657.000000;144;103;137.631632;90.296296
6268.000000;144;103;135.534535;88.833834
6207.000000;132;87;125.854855;80.976977
5536.000000;142;101;137.354354;91.289289
6771.000000;134;88;132.965966;88.326326
5972.000000;151;107;143.319319;95.528529
3823.000000;91;56;89.479479;57.561562
6398.000000;142;103;136.525526;90.175175
4734.000000;144;93;140.071071;85.400400
5680.000000;134;88;132.177177;86.027027
5725.000000;148;106;141.055055;94.199199
6518.000000;147;99;140.290290;94.046046
5716.000000;100;79;97.580581;65.312312
6113.000000;140;101;135.228228;90.717718
5833.000000;148;102;141.832833;93.981982
2388.000000;64;43;59.746747;34.721722
6226.000000;146;111;138.746747;93.046046
5734.000000;150;111;143.624625;93.660661
6089.000000;137;98;131.415415;88.721722
5849.000000;141;104;133.893894;88.087087
4995.000000;147;95;141.659660;88.876877
6388.000000;147;99;141.372372;92.966967
6440.000000;145;100;137.417417;91.147147
5192.000000;147;98;138.135135;85.576577
4892.000000;148;103;142.691692;93.061061
5509.000000;139;94;133.101101;85.244244
5867.000000;116;78;113.355355;72.380380
5311.000000;146;97;140.077077;91.538539
6034.000000;137;94;129.612613;84.889890
5043.000000;137;91;132.432432;83.640641
5045.000000;140;97;135.425425;84.369369
4844.000000;143;105;137.616617;88.765766
5845.000000;139;92;136.222222;88.402402
4848.000000;150;105;143.930931;92.791792
5651.000000;142;96;138.829830;92.957958
5562.000000;140;98;135.793794;89.618619
6259.000000;130;90;125.756757;83.445445
6553.000000;145;113;136.833834;91.454454
6367.000000;148;114;140.127127;92.463463
6053.000000;142;99;135.189189;89.614615
6192.000000;130;84;128.527528;82.943944
6679.000000;145;102;135.358358;87.971972
6342.000000;141;93;136.148148;90.207207
5523.000000;145;105;138.516517;91.863864
6125.000000;145;105;139.736737;92.594595
7264.000000;148;119;140.454454;98.341341
5165.000000;141;107;134.814815;90.363363
5941.000000;141;93;133.532533;87.141141
6572.000000;145;109;134.437437;87.139139
5889.000000;150;111;142.142142;94.573574
4264.000000;144;96;140.398398;87.882883
6782.000000;146;101;136.208208;88.482482
6831.000000;143;98;138.792793;91.639640
5842.000000;143;101;135.421421;90.009009
7223.000000;143;108;132.716717;90.502503
6232.000000;148;100;137.978979;91.027027
2952.000000;42;31;42.508509;29.110110
7066.000000;144;103;137.415415;93.120120
6000.000000;146;109;138.742743;92.818819
5782.000000;142;100;135.887888;88.467467
6274.000000;145;107;137.481481;90.708709
5158.000000;142;90;136.643644;84.666667
5369.000000;142;101;134.916917;87.198198
5485.000000;142;100;136.429429;89.040040
6628.000000;137;94;132.196196;87.649650
5115.000000;142;93;137.011011;88.068068
5035.000000;117;80;114.592593;71.856857
5628.000000;143;94;138.678679;90.318318
5553.000000;144;104;137.678679;89.986987
6122.000000;149;100;139.415415;89.319319
3577.000000;142;85;140.669670;83.744745
5419.000000;138;90;132.302302;84.565566
6237.000000;145;101;136.356356;89.091091
5527.000000;144;99;137.478478;89.335335
6062.000000;132;93;129.209209;85.192192
5355.000000;127;89;122.854855;77.225225
5928.000000;144;104;137.856857;91.350350
5934.000000;146;110;138.308308;91.384384
5476.000000;145;101;137.859860;87.478478
6125.000000;145;102;137.607608;91.567568
6544.000000;132;94;128.500501;82.667668
6276.000000;147;106;139.641642;92.767768
6202.000000;139;96;136.319319;92.292292
5473.000000;146;97;139.798799;91.606607
5308.000000;148;111;140.574575;87.890891
6105.000000;138;94;134.075075;88.543544
6716.000000;149;112;141.084084;94.978979
4871.000000;143;89;140.248248;89.399399
4985.000000;142;101;137.002002;88.666667
5550.000000;145;102;140.705706;89.920921
5191.000000;145;107;139.242242;91.075075
5965.000000;148;102;141.139139;93.317317
5680.000000;136;93;131.670671;86.934935
6601.000000;146;103;141.046046;95.674675
6269.000000;150;110;140.785786;95.150150
5627.000000;147;96;139.637638;88.901902
6358.000000;139;96;135.907908;87.705706
6223.000000;132;100;124.877878;82.690691
5353.000000;145;105;137.700701;86.412412
5745.000000;143;105;136.869870;87.895896
6275.000000;144;102;139.417417;94.419419
5456.000000;146;107;138.811812;90.049049
6386.000000;142;105;136.828829;92.321321
3586.000000;50;33;48.426426;31.750751
548.000000;10;8;9.138138;4.673674
6096.000000;147;109;134.336336;84.544545
6771.000000;150;109;139.829830;91.554555
7015.000000;128;87;125.522523;83.849850
5902.000000;144;102;138.339339;93.546547
5765.000000;138;94;135.253253;88.553554
3100.000000;73;49;70.280280;42.594595
5285.000000;138;94;136.798799;89.758759
5801.000000;125;90;122.916917;81.255255
5611.000000;144;97;138.901902;91.660661
6541.000000;146;108;136.817818;89.397397
4342.000000;91;66;87.669670;55.414414
5423.000000;138;88;135.163163;89.069069
5343.000000;142;99;135.951952;88.440440
4713.000000;143;94;138.778779;89.532533
4755.000000;121;72;121.973974;74.909910
4450.000000;144;94;139.780781;86.763764
5990.000000;148;106;141.149149;93.882883
6322.000000;140;89;137.104104;87.785786
4957.000000;104;64;103.168168;61.528529
5103.000000;140;94;136.814815;86.314314
6165.000000;134;93;126.133133;82.545546
6572.000000;143;103;134.201201;89.048048
3475.000000;146;93;139.988989;86.053053
4176.000000;82;64;79.832833;54.104104
5269.000000;120;72;121.879880;75.214214
5403.000000;130;86;128.426426;83.235235
6665.000000;146;104;139.380380;93.617618
5065.000000;137;88;133.149149;84.350350
4997.000000;144;95;137.848849;85.761762
5787.000000;115;74;111.267267;71.601602
6488.000000;139;106;134.342342;91.515516
5799.000000;138;92;131.681682;85.897898
4028.000000;82;48;80.819820;48.667668
4892.000000;141;94;138.284284;89.936937
5382.000000;139;98;134.303303;89.582583
4666.000000;142;91;140.012012;89.663664
3844.000000;73;58;70.061061;44.881882
5888.000000;136;95;129.762763;85.773774
5431.000000;142;98;136.698699;87.882883
6482.000000;142;108;135.831832;91.237237
5900.000000;142;103;135.335335;86.938939
6038.000000;145;109;138.042042;94.048048
6108.000000;126;97;119.977978;78.562563
4658.000000;143;95;135.807808;81.156156
4837.000000;129;81;125.473473;78.715716
5241.000000;145;100;137.937938;88.563564
5125.000000;145;101;140.810811;92.381381
6355.000000;145;102;139.921922;94.295295
5845.000000;146;106;140.626627;93.826827
6601.000000;138;101;132.206206;88.659660
5380.000000;116;86;112.955956;73.992993
6719.000000;130;100;125.874875;83.891892
6224.000000;147;102;140.800801;92.545546
5510.000000;144;100;138.822823;94.260260
4945.000000;144;92;139.002002;89.168168
4573.000000;89;70;86.752753;54.276276
7184.000000;146;110;137.274274;93.143143
6137.000000;143;105;135.444444;89.355355
5973.000000;134;84;130.522523;83.855856
6040.000000;145;108;136.915916;90.476476
6026.000000;143;88;140.166166;89.650651
3034.000000;74;50;73.106106;43.422422
6079.000000;141;99;134.371371;87.362362
5563.000000;141;93;137.181181;90.374374
6281.000000;145;102;138.891892;92.859860
6126.000000;144;94;136.788789;89.279279
5612.000000;138;99;130.019019;83.849850
6214.000000;131;91;128.600601;84.398398
6038.000000;145;103;138.542543;93.111111
6748.000000;145;114;133.793794;91.002002
4996.000000;140;95;136.905906;87.881882
6308.000000;151;115;141.622623;93.829830
6461.000000;150;114;140.721722;96.436436
5891.000000;143;96;133.997998;87.381381
6368.000000;140;87;136.054054;89.486486
6524.000000;144;107;135.718719;91.052052
6978.000000;128;99;119.795796;79.528529
5413.000000;128;89;124.694695;77.296296
6119.000000;132;92;129.038038;83.944945
5113.000000;136;94;133.046046;86.595596
6841.000000;148;111;138.572573;92.940941
6599.000000;144;105;135.978979;92.620621
4923.000000;147;107;138.007007;89.702703
5911.000000;142;91;138.724725;90.194194
5615.000000;149;103;141.995996;92.659660
6064.000000;123;80;121.153153;76.648649
4988.000000;139;83;137.746747;85.178178
6268.000000;135;97;133.465465;85.653654
4114.000000;146;96;138.889890;85.941942
6905.000000;130;101;123.709710;83.897898
6045.000000;145;98;140.221221;92.171171
5313.000000;140;90;135.170170;86.130130
4961.000000;146;101;138.192192;87.051051
6007.000000;147;105;137.494494;89.522523
6304.000000;143;96;137.208208;90.831832
4956.000000;143;94;138.795796;89.367367
5251.000000;145;95;136.631632;85.936937
5993.000000;146;103;139.966967;94.091091
5218.000000;136;99;131.268268;87.223223
5776.000000;146;108;138.613614;93.237237
5661.000000;146;105;137.583584;86.995996
6135.000000;137;94;130.144144;84.696697
6669.000000;142;99;138.900901;92.500501
5786.000000;140;94;135.394394;87.215215
5175.000000;132;75;128.771772;80.275275
5890.000000;140;96;133.742743;86.515516
6866.000000;144;110;134.265265;90.087087
5723.000000;128;87;123.321321;80.227227
5230.000000;100;69;98.894895;63.872873
5757.000000;138;96;133.013013;88.212212
6689.000000;145;100;138.912913;94.179179
5568.000000;132;95;125.570571;81.631632
5503.000000;109;77;104.681682;70.254254
5008.000000;141;93;136.749750;88.404404
6308.000000;139;97;135.644645;90.798799
5745.000000;143;106;134.438438;85.725726
5885.000000;139;95;135.394394;87.698699
6047.000000;149;111;137.655656;91.164164
5780.000000;151;113;143.461461;94.272272
5545.000000;144;98;138.169169;91.687688
5625.000000;140;96;134.085085;88.416416
5678.000000;141;96;131.368368;82.947948
6898.000000;145;109;135.956957;90.576577
6424.000000;148;112;141.289289;94.998999
6496.000000;147;110;140.368368;96.385385
5807.000000;137;96;131.180180;84.866867
6911.000000;147;115;139.089089;94.530531
5945.000000;149;101;139.128128;90.049049
4989.000000;139;93;133.716717;81.624625
5820.000000;142;98;136.033033;91.250250
4848.000000;142;100;139.556557;91.515516
5709.000000;134;83;131.777778;82.876877
5895.000000;141;92;134.430430;87.303303
4867.000000;150;108;142.118118;92.010010
6475.000000;145;107;136.896897;89.956957
4324.000000;126;90;121.680681;77.971972
6340.000000;144;102;138.121121;89.343343
5449.000000;145;104;138.587588;90.948949
6803.000000;147;111;138.720721;95.529530
5438.000000;147;91;141.725726;90.390390
6401.000000;143;107;137.267267;91.792793
6261.000000;144;101;137.624625;91.750751
4998.000000;136;100;130.007007;84.211211
5658.000000;131;101;126.644645;83.517518
6834.000000;149;108;138.646647;94.301301
5198.000000;144;99;137.535536;89.502503
3450.000000;63;41;61.294294;39.151151
5525.000000;139;94;133.158158;85.599600
5119.000000;143;98;138.383383;88.489489
6768.000000;141;107;136.534535;93.907908
5169.000000;148;101;140.113113;89.145145
5012.000000;140;93;135.627628;84.923924
5781.000000;136;88;132.316316;86.112112
6811.000000;137;100;129.784785;85.991992
6050.000000;140;94;136.615616;89.747748
6270.000000;143;121;132.168168;86.572573
5403.000000;143;109;136.296296;87.611612
5220.000000;142;95;136.189189;88.159159
6433.000000;141;99;134.372372;87.852853
6190.000000;148;114;138.776777;91.501502
4973.000000;145;100;139.563564;88.644645
5893.000000;144;100;138.887888;92.272272
7221.000000;141;112;129.764765;88.444444
6878.000000;146;116;135.493493;90.392392
4949.000000;145;96;139.440440;92.041041
5381.000000;145;101;137.144144;88.726727
4320.000000;142;94;138.887888;88.177177
5695.000000;129;92;125.042042;79.393393
5619.000000;138;100;131.888889;84.515516
5618.000000;142;97;138.654655;88.822823
6031.000000;140;94;135.811812;90.317317
592.000000;4;3;3.895896;2.501502
5670.000000;137;95;129.593594;82.517518
5755.000000;147;105;142.770771;94.839840
5681.000000;143;94;137.088088;89.452452
5887.000000;85;61;83.782783;54.872873
5064.000000;146;106;139.136136;88.991992
5244.000000;103;74;99.369369;64.594595
5176.000000;145;101;140.141141;91.769770
5368.000000;147;100;142.200200;91.912913
5174.000000;143;92;140.949950;90.734735
5844.000000;151;115;140.026026;93.460460
5998.000000;144;101;137.983984;89.232232
5503.000000;138;95;131.642643;84.316316
6654.000000;135;91;130.962963;86.580581
5104.000000;111;73;106.316316;68.993994
5430.000000;109;76;107.057057;65.202202
5978.000000;142;95;138.118118;90.204204
6208.000000;147;101;136.853854;88.094094
5895.000000;147;103;141.337337;91.650651
5288.000000;143;93;139.377377;89.487487
5298.000000;136;90;132.371371;81.057057
3509.000000;66;47;62.526527;37.372372
6347.000000;144;105;136.661662;92.371371
5434.000000;145;102;141.680681;91.372372
6296.000000;146;103;137.813814;91.604605
6049.000000;139;96;132.468468;83.063063
6069.000000;144;102;139.236236;93.721722
6170.000000;141;98;137.805806;93.105105
5635.000000;136;97;131.215215;86.606607
5002.000000;144;99;136.781782;88.123123
4017.000000;141;94;139.425425;89.186186
4467.000000;118;77;111.719720;70.295295
5933.000000;131;90;126.901902;81.856857
5437.000000;147;105;142.434434;95.189189
5710.000000;148;106;141.565566;93.344344
5746.000000;136;94;130.679680;85.865866
6021.000000;148;105;141.350350;94.079079
5300.000000;119;82;116.327327;73.520521
4867.000000;146;92;142.732733;91.582583
5574.000000;141;93;134.704705;85.193193
4941.000000;134;85;130.109109;81.592593
6053.000000;120;81;118.067067;75.721722
4933.000000;148;100;142.036036;91.536537
5676.000000;139;97;133.800801;88.353353
4540.000000;140;88;136.764765;85.096096
5943.000000;131;94;128.115115;85.977978
6050.000000;142;105;134.845846;89.300300
6015.000000;147;107;138.858859;89.977978
5254.000000;149;105;140.414414;90.293293
5765.000000;146;96;138.171171;89.182182
6648.000000;148;101;139.085085;90.345345
5195.000000;144;93;138.472472;87.706707
6009.000000;140;100;132.749750;86.330330
6053.000000;149;106;141.147147;94.133133
5744.000000;142;98;136.459459;90.934935
5963.000000;125;85;123.550551;81.050050
6078.000000;149;101;143.598599;94.996997
5592.000000;142;95;136.367367;86.674675
5981.000000;144;99;139.604605;91.138138
5386.000000;146;109;140.611612;93.315315
5049.000000;144;99;138.762763;90.047047
6486.000000;139;97;136.176176;90.490490
6888.000000;146;114;136.653654;93.743744
5418.000000;146;98;139.935936;89.449449
5426.000000;146;97;138.957958;86.860861
5355.000000;144;98;138.522523;88.447447
5687.000000;142;98;135.399399;88.216216
4751.000000;100;71;97.538539;60.804805
5040.000000;140;94;135.013013;86.644645
5518.000000;117;85;116.483483;75.185185
6438.000000;143;108;132.628629;88.655656
5961.000000;141;95;137.959960;89.592593
5855.000000;141;94;137.322322;89.828829
6091.000000;145;106;137.134134;90.828829
6683.000000;121;80;118.320320;76.377377
6079.000000;149;107;140.060060;91.383383
5927.000000;113;79;106.576577;67.588589
6550.000000;132;94;127.261261;84.540541
6345.000000;143;101;134.801802;88.307307
4727.000000;147;102;140.268268;89.350350
5913.000000;120;82;114.998999;72.027027
6227.000000;145;105;136.802803;89.997998
5410.000000;145;97;138.805806;90.689690
4016.000000;109;78;104.211211;65.244244
4913.000000;127;83;122.456456;74.879880
5953.000000;143;100;134.389389;87.275275
5331.000000;144;97;136.083083;88.061061
6245.000000;144;100;137.590591;92.383383
3835.000000;138;95;135.564565;85.059059
5181.000000;139;97;134.338338;85.154154
5405.000000;142;91;136.920921;87.229229
6618.000000;149;118;138.101101;94.434434
6008.000000;148;105;138.302302;89.259259
6525.000000;147;100;140.405405;95.731732
5177.000000;132;88;126.421421;80.978979
5269.000000;142;92;137.739740;87.560561
6828.000000;134;93;125.884885;81.249249
6594.000000;136;92;133.866867;89.066066
6047.000000;142;99;135.427427;92.836837
5747.000000;144;103;137.777778;91.038038
4831.000000;147;97;139.768769;90.375375
5216.000000;115;80;113.547548;73.963964
6010.000000;143;97;137.040040;87.375375
5716.000000;140;102;133.784785;87.934935
4625.000000;124;81;118.565566;76.226226
5301.000000;105;71;102.520521;64.150150
5056.000000;124;86;121.139139;76.419419
5434.000000;144;102;135.841842;87.401401
5718.000000;150;117;138.920921;92.960961
6104.000000;147;108;140.680681;94.647648
6585.000000;147;100;140.861862;94.345345
6063.000000;112;82;109.754755;74.026026
6376.000000;142;102;134.738739;90.355355
6866.000000;142;102;133.674675;90.969970
5189.000000;147;107;135.887888;87.673674
5221.000000;142;95;136.510511;87.416416
6248.000000;145;102;139.371371;90.425425
5744.000000;139;96;133.534535;87.103103
5489.000000;130;95;125.476476;82.112112
4945.000000;145;101;139.712713;92.091091
6484.000000;147;109;138.138138;90.884885
5298.000000;144;98;137.860861;88.435435
5967.000000;147;102;141.403403;90.565566
6092.000000;144;96;139.480480;93.851852
4590.000000;139;91;134.216216;85.804805
6413.000000;144;104;135.576577;89.778779
6770.000000;135;96;127.540541;81.434434
5384.000000;144;98;139.516517;91.783784
5421.000000;141;99;135.070070;88.757758
5343.000000;144;107;137.362362;88.712713
5290.000000;144;98;137.630631;88.343343
6016.000000;147;96;140.503504;89.937938
5306.000000;140;95;132.453453;85.886887
6489.000000;140;101;135.457457;91.659660
5713.000000;133;93;127.814815;85.275275
4946.000000;145;98;136.717718;86.337337
6226.000000;146;100;141.225225;92.751752
6582.000000;137;91;131.762763;86.798799
5335.000000;134;89;130.197197;84.643644
5616.000000;142;96;136.758759;90.214214
6752.000000;142;104;132.734735;87.866867
4468.000000;146;92;140.199199;88.153153
7020.000000;144;109;136.762763;93.297297
5305.000000;143;95;136.669670;85.367367
5669.000000;141;97;137.814815;90.669670
6889.000000;137;107;131.034034;88.146146
5350.000000;118;84;112.711712;70.263263
2672.000000;73;43;72.427427;43.746747
5734.000000;145;100;139.605606;88.953954
5022.000000;141;97;134.885886;87.276276
6224.000000;147;104;141.095095;94.738739
5282.000000;138;93;133.782783;83.776777
6007.000000;112;77;106.950951;66.642643
5348.000000;145;95;140.164164;88.805806
5802.000000;144;100;137.629630;89.411411
5850.000000;131;103;122.894895;82.383383
5501.000000;142;93;140.122122;90.544545
5863.000000;105;81;100.245245;70.022022
5434.000000;139;93;133.900901;87.256256
5894.000000;115;80;111.780781;72.139139
5428.000000;145;106;139.446446;91.664665
6134.000000;130;90;124.838839;81.366366
7013.000000;149;117;139.694695;91.593594
6593.000000;145;108;137.818819;93.026026
6323.000000;139;94;134.382382;87.933934
4951.000000;122;81;116.173173;74.533534
6566.000000;137;98;132.139139;87.119119
5053.000000;125;81;121.761762;76.694695
6777.000000;146;111;136.136136;91.075075
4288.000000;126;76;123.426426;75.373373
5669.000000;146;100;144.059059;95.652653
4451.000000;148;111;141.359359;91.975976
5781.000000;95;75;92.768769;61.837838
4552.000000;142;89;137.953954;84.894895
5833.000000;141;100;134.909910;88.731732
5858.000000;125;84;123.493493;81.320320
5255.000000;148;100;141.358358;91.248248
5756.000000;148;95;140.977978;90.158158
5396.000000;143;97;138.528529;87.088088
6714.000000;146;104;137.448448;90.394394
5638.000000;139;93;134.410410;87.525526
5536.000000;114;71;112.060060;70.984985
5637.000000;144;104;138.093093;91.839840
5764.000000;133;97;129.469469;84.235235
5245.000000;149;96;140.966967;91.816817
5549.000000;140;98;137.577578;89.544545
6252.000000;137;96;132.816817;86.985986
5832.000000;144;101;138.630631;90.748749
5139.000000;140;92;133.615616;82.396396
6260.000000;149;102;141.895896;94.777778
5975.000000;141;96;135.985986;89.788789
7128.000000;145;109;134.400400;89.000000
5077.000000;145;89;139.139139;87.402402
5373.000000;129;88;126.388388;78.474474
4880.000000;130;90;126.988989;82.294294
5925.000000;127;84;127.420420;81.845846
4386.000000;142;93;135.847848;85.287287
5923.000000;143;101;136.523524;90.043043
5773.000000;123;82;118.715716;76.906907
3792.000000;139;91;135.998999;83.377377
6347.000000;140;100;133.778779;89.126126
5158.000000;145;97;137.840841;87.857858
6035.000000;148;98;143.418418;96.838839
6026.000000;150;112;142.478478;94.020020
5839.000000;143;99;139.680681;90.819820
5378.000000;93;62;90.187187;55.763764
6070.000000;146;107;138.865866;95.318318
5437.000000;138;85;134.079079;85.266266
5703.000000;120;76;117.542543;74.598599
5750.000000;143;99;137.594595;90.178178
6303.000000;144;103;139.418418;93.601602
5646.000000;148;103;142.463463;94.358358
5529.000000;106;76;102.619620;66.063063
5759.000000;144;100;141.110110;94.649650
6194.000000;142;104;136.108108;92.339339
7058.000000;145;103;137.129129;91.519520
6168.000000;138;99;133.067067;88.320320
6466.000000;138;94;133.792793;89.106106
6573.000000;141;97;136.874875;92.640641
7390.000000;146;115;134.074074;88.528529
6302.000000;135;93;130.950951;86.834835
6540.000000;140;107;135.253253;90.419419
6579.000000;149;106;141.325325;93.700701
5921.000000;104;79;100.544545;63.739740
7026.000000;140;105;133.809810;89.946947
5352.000000;136;86;129.599600;81.540541
3419.000000;85;58;84.680681;53.686687
4695.000000;99;72;96.671672;63.676677
6658.000000;143;96;138.927928;93.528529
4689.000000;126;93;117.042042;76.140140
5566.000000;98;76;93.744745;60.919920
6767.000000;143;111;133.025025;88.371371
4950.000000;142;90;137.012012;86.015015
5575.000000;138;99;133.028028;86.684685
5912.000000;149;105;139.952953;92.267267
6960.000000;124;89;117.416416;78.777778
5724.000000;140;93;136.578579;89.272272
5554.000000;142;95;136.134134;87.938939
5463.000000;141;95;136.222222;85.889890
6088.000000;140;96;137.110110;89.778779
4409.000000;86;66;84.669670;54.731732
6134.000000;148;106;138.560561;92.911912
4492.000000;129;92;124.284284;82.698699
6073.000000;148;108;138.356356;90.422422
5341.000000;139;98;136.906907;87.764765
6448.000000;145;95;140.645646;93.244244
4698.000000;137;90;131.655656;82.445445
5080.000000;144;92;140.902903;90.778779
3652.000000;88;61;82.669670;53.196196
5907.000000;129;87;126.778779;79.824825
6587.000000;148;110;140.078078;94.991992
5639.000000;132;87;125.823824;80.374374
5654.000000;125;82;122.459459;79.415415
6942.000000;144;106;136.105105;90.031031
5158.000000;142;100;136.506507;85.602603
6300.000000;145;100;139.024024;92.807808
5689.000000;105;74;102.203203;63.698699
5121.000000;141;90;136.878879;85.814815
5958.000000;147;110;137.279279;87.983984
5787.000000;142;98;135.915916;91.407407
6864.000000;147;113;137.087087;89.890891
4580.000000;133;82;129.209209;79.186186
6768.000000;134;95;128.049049;83.591592
5328.000000;110;78;105.281281;64.720721
4499.000000;148;104;142.474474;91.584585
6235.000000;140;102;133.745746;87.121121
4884.000000;120;79;118.937938;74.325325
5419.000000;150;105;142.072072;92.669670
5027.000000;144;101;135.654655;86.703704
5882.000000;137;98;130.307307;84.760761
6235.000000;143;100;139.635636;93.893894
6275.000000;144;109;137.322322;93.702703
6344.000000;148;112;138.430430;91.725726
5189.000000;138;94;131.432432;85.230230
6258.000000;143;108;138.774775;94.721722
6493.000000;138;100;132.148148;86.026026
5986.000000;146;101;140.622623;92.718719
6437.000000;148;106;137.746747;90.084084
5532.000000;143;95;139.483483;93.387387
6429.000000;132;100;126.898899;86.464464
6322.000000;144;103;137.453453;91.401401
3905.000000;146;100;140.652653;88.258258
5572.000000;110;78;108.339339;67.704705
6545.000000;140;108;132.518519;86.655656
5098.000000;144;90;140.290290;88.529530
5299.000000;144;98;139.014014;90.174174
6176.000000;87;64;86.568569;57.192192
6155.000000;147;108;139.390390;92.412412
5496.000000;145;106;139.289289;89.947948
5262.000000;132;87;127.374374;80.300300
5393.000000;143;91;137.831832;89.960961
5417.000000;145;105;138.885886;91.037037
6118.000000;139;97;137.097097;90.918919
6869.000000;145;112;133.305305;88.307307
6063.000000;135;96;128.406406;84.603604
4719.000000;145;96;138.672673;91.612613
5787.000000;140;94;133.901902;84.979980
6288.000000;144;102;137.548549;91.036036
6247.000000;145;104;140.901902;95.190190
3959.000000;92;58;90.228228;54.243243
4189.000000;83;59;81.716717;51.899900
6461.000000;132;84;128.207207;84.450450
5915.000000;139;97;134.485485;87.357357
6016.000000;139;91;132.918919;84.790791
4888.000000;139;92;135.167167;86.373373
5948.000000;138;98;132.419419;87.223223
5402.000000;123;81;121.243243;77.393393
5154.000000;144;94;139.080080;91.732733
6436.000000;144;103;136.226226;91.008008
6666.000000;134;102;123.176176;83.716717
5843.000000;122;83;118.855856;76.010010
5924.000000;132;87;128.778779;83.657658
6743.000000;146;108;139.013013;91.218218
5368.000000;147;100;141.060060;93.121121
5957.000000;143;89;137.853854;87.477477
5685.000000;135;96;131.661662;88.028028
6032.000000;143;100;136.139139;88.865866
5130.000000;148;99;139.497497;89.474474
4508.000000;147;104;140.233233;88.223223
6217.000000;144;114;139.306306;95.098098
5383.000000;128;90;124.022022;80.937938
5293.000000;140;98;137.368368;90.201201
5330.000000;139;99;130.982983;85.439439
5671.000000;145;105;137.990991;92.839840
4849.000000;145;98;140.092092;87.129129
4814.000000;130;92;126.032032;83.688689
5421.000000;142;98;135.359359;90.059059
5571.000000;141;106;135.140140;87.207207
4828.000000;140;88;135.930931;86.173173
6074.000000;126;95;119.607608;77.736737
6216.000000;140;97;136.764765;89.838839
6572.000000;143;103;134.914915;91.010010
5291.000000;95;65;92.844845;58.820821
5084.000000;125;90;120.567568;74.939940
6587.000000;144;99;138.763764;93.509510
6094.000000;144;100;136.600601;89.182182
5675.000000;140;94;132.599600;85.662663
7098.000000;140;97;134.400400;90.353353
5305.000000;147;101;137.587588;87.862863
5013.000000;101;69;97.531532;59.795796
4610.000000;130;88;126.330330;78.857858
5420.000000;145;102;135.525526;88.746747
6629.000000;150;107;141.596597;95.275275
5108.000000;146;98;140.585586;88.776777
5155.000000;123;86;120.695696;77.097097
6622.000000;139;102;133.437437;89.270270
6074.000000;143;111;136.314314;89.357357
4952.000000;96;65;91.571572;57.522523
6679.000000;141;107;134.322322;90.722723
6405.000000;148;119;137.619620;95.079079
5450.000000;143;94;136.750751;86.442442
4242.000000;100;72;95.035035;59.331331
6042.000000;133;88;125.859860;79.514515
4054.000000;149;103;141.819820;89.188188
5407.000000;147;99;140.156156;89.774775
6275.000000;109;87;104.975976;68.246246
5542.000000;139;90;136.558559;88.755756
5350.000000;132;89;128.535536;84.653654
4961.000000;127;85;123.365365;77.871872
5840.000000;144;102;138.114114;89.624625
4707.000000;146;100;137.804805;88.400400
7119.000000;144;99;138.272272;95.054054
6202.000000;143;104;136.144144;89.722723
5589.000000;137;86;132.312312;84.486486
4664.000000;136;86;132.734735;84.345345
5789.000000;145;100;137.332332;90.824825
5950.000000;148;101;142.160160;95.129129
6014.000000;142;99;134.617618;89.988989
5619.000000;140;91;135.619620;84.077077
5861.000000;144;107;135.340340;88.071071
6032.000000;142;97;137.293293;89.466466
5768.000000;138;94;135.958959;90.319319
5281.000000;144;100;138.862863;91.613614
5246.000000;144;102;136.407407;88.293293
5526.000000;146;100;138.793794;91.769770
7153.000000;147;109;136.693694;91.895896
6413.000000;146;103;139.466466;91.899900
6153.000000;146;101;140.587588;95.682683
6512.000000;146;114;137.707708;93.300300
6088.000000;143;96;137.395395;90.957958
6267.000000;147;105;138.563564;92.729730
6848.000000;148;116;136.978979;89.325325
5645.000000;142;102;137.976977;91.701702
6406.000000;126;88;122.546547;79.628629
5193.000000;143;98;135.991992;85.373373
5400.000000;132;81;129.960961;81.725726
6831.000000;144;105;136.865866;91.902903
5242.000000;86;61;84.224224;54.516517
5787.000000;140;89;134.817818;85.846847
5187.000000;148;100;144.339339;94.854855
6602.000000;140;106;132.553554;89.330330
6453.000000;140;96;134.893894;90.486486
4839.000000;142;86;137.774775;86.992993
6198.000000;148;108;139.938939;94.628629
5391.000000;85;65;81.498498;53.310310
5466.000000;116;76;114.570571;73.027027
5738.000000;145;101;140.016016;92.946947
5979.000000;134;91;127.718719;83.623624
5803.000000;145;100;135.501502;88.361361
5471.000000;138;88;133.296296;84.090090
5717.000000;142;103;136.877878;89.947948
5883.000000;144;98;135.609610;87.340340
5431.000000;141;93;137.750751;87.534535
6373.000000;137;92;132.565566;86.693694
5387.000000;139;86;134.419419;86.632633
5565.000000;149;107;139.449449;90.548549
5556.000000;140;93;136.256256;88.666667
6026.000000;147;105;140.793794;94.755756
